TraceID,SpanID,ParentID,PodName,OperationName,StartTimeUnixNano,EndTimeUnixNano,Duration
2b903bbaf7e7e2eea02fb0f69e73f34b,528ae6bfd5293f55,root,resize-747c77c596-rrnc7,resizeImage,1684949285063149146,1684949285100330398,37181
2b903bbaf7e7e2eea02fb0f69e73f34b,9b49d8f17a17b19c,528ae6bfd5293f55,resize-747c77c596-rrnc7,large400ImageResize,1684949285085832995,1684949285100302015,14469
f277068024b1c2693476b407463b16c8,72183cd9c3d81587,root,resize-747c77c596-rrnc7,resizeImage,1684949284757976398,1684949284808416362,50439
f277068024b1c2693476b407463b16c8,a0cfb6f6e8475b91,72183cd9c3d81587,resize-747c77c596-rrnc7,large400ImageResize,1684949284788023072,1684949284808379910,20356
3635861ca0071e1b3e8063a8b60e9816,03aab76c3321f262,root,resize-747c77c596-rrnc7,resizeImage,1684949288514779302,1684949288561012887,46233
3635861ca0071e1b3e8063a8b60e9816,17b9168ad8cf7175,03aab76c3321f262,resize-747c77c596-rrnc7,large400ImageResize,1684949288543224347,1684949288560974980,17750
00a661540090d523772d004b52724dcd,91e25e6bbc03c294,root,resize-747c77c596-rrnc7,resizeImage,1684949284878094019,1684949284917103615,39009
00a661540090d523772d004b52724dcd,12f7dbeaacb3b694,91e25e6bbc03c294,resize-747c77c596-rrnc7,large400ImageResize,1684949284902058346,1684949284917076967,15018
5a2f61ca9c6e1c023c4dddc021511ff7,f1d18e23f57add24,root,resize-747c77c596-rrnc7,resizeImage,1684949283700988122,1684949283749200270,48212
5a2f61ca9c6e1c023c4dddc021511ff7,81db9c1e97e0ad2e,f1d18e23f57add24,resize-747c77c596-rrnc7,large400ImageResize,1684949283731027304,1684949283749161608,18134
ff3bbc580e6c1b924ac10745adc58860,59af899e0bbf9a07,root,resize-747c77c596-rrnc7,resizeImage,1684949289929626839,1684949290028496435,98869
ff3bbc580e6c1b924ac10745adc58860,4d4b971a55ccdca1,59af899e0bbf9a07,resize-747c77c596-rrnc7,large400ImageResize,1684949289970791873,1684949290028449977,57658
f74913b035ae77739ca8f23999316486,b138acc6f1059cc2,root,resize-747c77c596-rrnc7,resizeImage,1684949281749626199,1684949281782500714,32874
f74913b035ae77739ca8f23999316486,d006dbf28946e5a5,b138acc6f1059cc2,resize-747c77c596-rrnc7,large400ImageResize,1684949281770279131,1684949281782473576,12194
c782b65a7a963fe69bca702cfa584fd3,749fe37823593b8f,root,resize-747c77c596-rrnc7,resizeImage,1684949283082635187,1684949283103434856,20799
c4e2bc272929c9edd9c22ba322a2856f,0f17634cc0c564a4,root,resize-747c77c596-rrnc7,resizeImage,1684949288800991431,1684949288820512252,19520
302487b2dc4a13fc7ce66426d84e64ff,033b16f84cc1d237,root,resize-747c77c596-rrnc7,resizeImage,1684949285341093147,1684949285377421619,36328
302487b2dc4a13fc7ce66426d84e64ff,7157eb872dc3f652,033b16f84cc1d237,resize-747c77c596-rrnc7,large400ImageResize,1684949285363110673,1684949285377396650,14285
b6411757817c9469bcb7711f6aaa081a,12dfad68d65fc5dd,root,resize-747c77c596-rrnc7,resizeImage,1684949290388974317,1684949290418987655,30013
b6411757817c9469bcb7711f6aaa081a,96bbc40e38a98e04,12dfad68d65fc5dd,resize-747c77c596-rrnc7,large400ImageResize,1684949290407507203,1684949290418961017,11453
7fda2fda35f4dd0c7e061c54744205ae,76b46254dcdef843,root,resize-747c77c596-rrnc7,resizeImage,1684949287364408801,1684949287402810094,38401
7fda2fda35f4dd0c7e061c54744205ae,b4cc40bba7062853,76b46254dcdef843,resize-747c77c596-rrnc7,large400ImageResize,1684949287387542666,1684949287402783472,15240
b081e62a1d6ffed9c8ca74cf6130193d,0f298b7c71cb10d9,root,resize-747c77c596-rrnc7,resizeImage,1684949282721106955,1684949282754308852,33201
b081e62a1d6ffed9c8ca74cf6130193d,4ad7207ccdd07f1e,0f298b7c71cb10d9,resize-747c77c596-rrnc7,large400ImageResize,1684949282740331924,1684949282754281704,13949
7f917ee2198495dd4ecc87fd5194c845,9521b618780582fd,root,resize-747c77c596-rrnc7,resizeImage,1684949288501150926,1684949288540635702,39484
7f917ee2198495dd4ecc87fd5194c845,8b0d607ade2c5674,9521b618780582fd,resize-747c77c596-rrnc7,large400ImageResize,1684949288524341892,1684949288540604842,16262
26886980b82599a4fc6e1ffd1f5c5ccc,d453a37ab5e288aa,root,resize-747c77c596-rrnc7,resizeImage,1684949286277808368,1684949286317122850,39314
26886980b82599a4fc6e1ffd1f5c5ccc,b384fe56df4d9202,d453a37ab5e288aa,resize-747c77c596-rrnc7,large400ImageResize,1684949286301609376,1684949286317093406,15484
f78dbd9ea3933c8e30f314d377d024ec,de589b98c455d75b,root,resize-747c77c596-rrnc7,resizeImage,1684949290394364209,1684949290435221191,40856
f78dbd9ea3933c8e30f314d377d024ec,32d220039383d3f2,de589b98c455d75b,resize-747c77c596-rrnc7,large400ImageResize,1684949290417516152,1684949290435192277,17676
16a2714b1c537ac8c97e279115437ad3,3c695ec8d79515c4,root,resize-747c77c596-rrnc7,resizeImage,1684949286253275762,1684949286289281364,36005
16a2714b1c537ac8c97e279115437ad3,9a4c413c79036b6d,3c695ec8d79515c4,resize-747c77c596-rrnc7,large400ImageResize,1684949286274235808,1684949286289253502,15017
aac3994db402210fd140bab3cf7c5614,18b6336bf2e4d6fd,root,resize-747c77c596-rrnc7,resizeImage,1684949281620057297,1684949281663916681,43859
aac3994db402210fd140bab3cf7c5614,f7ea3fbfa5b6ffe2,18b6336bf2e4d6fd,resize-747c77c596-rrnc7,large400ImageResize,1684949281649422097,1684949281663886073,14463
1e0304d6c481278b9decd5a16949c3b9,fa703d64eaee58ac,root,resize-747c77c596-rrnc7,resizeImage,1684949288901082182,1684949288922640444,21558
be0f31130b6fc44b44fab3698d6b6080,f8a8a67a551ef449,root,resize-747c77c596-rrnc7,resizeImage,1684949282405136289,1684949282443744459,38608
be0f31130b6fc44b44fab3698d6b6080,d89474a1ec0e644e,f8a8a67a551ef449,resize-747c77c596-rrnc7,large400ImageResize,1684949282426656100,1684949282443677379,17021
645000ab7807f5112957873945a74658,ad2195aac0b29378,root,resize-747c77c596-rrnc7,resizeImage,1684949293007315129,1684949293048831319,41516
645000ab7807f5112957873945a74658,0e858892d293fb8d,ad2195aac0b29378,resize-747c77c596-rrnc7,large400ImageResize,1684949293032713784,1684949293048803510,16089
7f204210118c8e05a1d3fd9ed6f1a854,10bd32df92e4353d,root,resize-747c77c596-rrnc7,resizeImage,1684949298000268995,1684949298022960291,22691
3d952390edb3f303aa83c3c3c384b2ec,75a47f455a2fc828,root,resize-747c77c596-rrnc7,resizeImage,1684949297116305866,1684949297154893942,38588
3d952390edb3f303aa83c3c3c384b2ec,469bc9036f66eae8,75a47f455a2fc828,resize-747c77c596-rrnc7,large400ImageResize,1684949297139696526,1684949297154858242,15161
3b08604c8a2879588d5ccf5a8f2e213b,183d5053c41ccdea,root,resize-747c77c596-rrnc7,resizeImage,1684949295513432948,1684949295548097903,34664
3b08604c8a2879588d5ccf5a8f2e213b,8cd536c81f0045c4,183d5053c41ccdea,resize-747c77c596-rrnc7,large400ImageResize,1684949295534123088,1684949295548069406,13946
62c078c044b04f282ffdaed931f44da7,4d7b63f252008116,root,resize-747c77c596-rrnc7,resizeImage,1684949298732800278,1684949298788887715,56087
62c078c044b04f282ffdaed931f44da7,f9c11be4f2bf5e6f,4d7b63f252008116,resize-747c77c596-rrnc7,large400ImageResize,1684949298774513740,1684949298788861713,14347
eef8b37c255f18497f4bfa554979c483,0d6d5e8e79e19856,root,resize-747c77c596-rrnc7,resizeImage,1684949294796369214,1684949294817338359,20969
6f0f2b97a6ac892ec45f69bba306c554,73fd87cacda8bebb,root,resize-747c77c596-rrnc7,resizeImage,1684949292788914967,1684949292826388959,37473
6f0f2b97a6ac892ec45f69bba306c554,1dc97e7c24bf5bfe,73fd87cacda8bebb,resize-747c77c596-rrnc7,large400ImageResize,1684949292811575259,1684949292826359265,14784
59083cf00d5a1f0cb0c3891a1946d19b,95027203b8e32065,root,resize-747c77c596-rrnc7,resizeImage,1684949293549946287,1684949293583223246,33276
59083cf00d5a1f0cb0c3891a1946d19b,779de6c16218e0f9,95027203b8e32065,resize-747c77c596-rrnc7,large400ImageResize,1684949293569716703,1684949293583198859,13482
8f351da874cf198e357f2d2712dc72f0,b11761beadc85608,root,resize-747c77c596-rrnc7,resizeImage,1684949309343992771,1684949309380047150,36054
8f351da874cf198e357f2d2712dc72f0,4b557c0ec9be2318,b11761beadc85608,resize-747c77c596-rrnc7,large400ImageResize,1684949309365665254,1684949309380022964,14357
259fe1c97a5ec94938e2445bc639c71a,0a50be9e93bda48f,root,resize-747c77c596-rrnc7,resizeImage,1684949296384430080,1684949296421068858,36638
259fe1c97a5ec94938e2445bc639c71a,15f8cf5092a9bb25,0a50be9e93bda48f,resize-747c77c596-rrnc7,large400ImageResize,1684949296406451533,1684949296421042964,14591
6e7af4974252b5a72b731da2173d18ac,bde375f6f4614a48,root,resize-747c77c596-rrnc7,resizeImage,1684949297518803186,1684949297538338902,19535
ee23788dd56e574b9bc94f616202ccef,717a36ee6575576d,root,resize-747c77c596-rrnc7,resizeImage,1684949291009914076,1684949291034058475,24144
f2fd32cc81fb893d2904ea3d20368a01,dcff02a65b566e20,root,resize-747c77c596-rrnc7,resizeImage,1684949280676679553,1684949280722928188,46248
f2fd32cc81fb893d2904ea3d20368a01,884e279bf7eadf4a,dcff02a65b566e20,resize-747c77c596-rrnc7,large400ImageResize,1684949280703380008,1684949280722875955,19495
f9fb9f852ddf393e8d3fff698d0f740d,6ef5b2704c4b391e,root,resize-747c77c596-rrnc7,resizeImage,1684949297165424076,1684949297188854021,23429
ed53d76abf416ef00ad84acb09f61084,692117b2bf5089c8,root,resize-747c77c596-rrnc7,resizeImage,1684949299984615248,1684949300022297920,37682
ed53d76abf416ef00ad84acb09f61084,79ce0f87912845c1,692117b2bf5089c8,resize-747c77c596-rrnc7,large400ImageResize,1684949300006814486,1684949300022259552,15445
7e9ca39f3ea9261646d7580f7bc80334,34ad3a9ffa815db4,root,resize-747c77c596-rrnc7,resizeImage,1684949299192331058,1684949299224347904,32016
7e9ca39f3ea9261646d7580f7bc80334,4f8d7279f91fff39,34ad3a9ffa815db4,resize-747c77c596-rrnc7,large400ImageResize,1684949299211700706,1684949299224319054,12618
e9ea18a1c68845364a8f223789c86b5f,6f99d23196428872,root,resize-747c77c596-rrnc7,resizeImage,1684949294589301408,1684949294635253785,45952
e9ea18a1c68845364a8f223789c86b5f,b22fbb5a4cd0449d,6f99d23196428872,resize-747c77c596-rrnc7,large400ImageResize,1684949294616656778,1684949294635225900,18569
5743341e79c3c6391a5510ef9642f627,29a4e7f541fc038b,root,resize-747c77c596-rrnc7,resizeImage,1684949293356865969,1684949293391107678,34241
5743341e79c3c6391a5510ef9642f627,98622f30128743b8,29a4e7f541fc038b,resize-747c77c596-rrnc7,large400ImageResize,1684949293377213316,1684949293391083592,13870
df8289dad83b598ede0183127adef188,49522e016f68a3be,root,resize-747c77c596-rrnc7,resizeImage,1684949295708558769,1684949295756653856,48095
df8289dad83b598ede0183127adef188,5ec222275e5042b1,49522e016f68a3be,resize-747c77c596-rrnc7,large400ImageResize,1684949295736943848,1684949295756619189,19675
a141bdd957a40845230f59cb9a64e1da,92e92433cea37994,root,resize-747c77c596-rrnc7,resizeImage,1684949300071874166,1684949300094224192,22350
d8a8297bdca30d67da6103b1204c1ae2,5ebe4e1fa318ce9e,root,resize-747c77c596-rrnc7,resizeImage,1684949307185266377,1684949307229043803,43777
d8a8297bdca30d67da6103b1204c1ae2,712720b325e1710e,5ebe4e1fa318ce9e,resize-747c77c596-rrnc7,large400ImageResize,1684949307211656004,1684949307229016142,17360
c9552ede2a4dcf2aeb9f4fc1d1cd6889,78f927e35fbdf3f0,root,resize-747c77c596-rrnc7,resizeImage,1684949303179874792,1684949303214107580,34232
155cd525e3e216ef6f788f776e5b4f41,360a60f3ca2ba8ba,root,resize-747c77c596-rrnc7,resizeImage,1684949306176639242,1684949306215934259,39295
155cd525e3e216ef6f788f776e5b4f41,572afbd6b451afde,360a60f3ca2ba8ba,resize-747c77c596-rrnc7,large400ImageResize,1684949306199798684,1684949306215906562,16107
324ade2e722dd72a5eb3eb4c49b668ef,71f564d1eae56b79,root,resize-747c77c596-rrnc7,resizeImage,1684949300929662498,1684949300969152713,39490
324ade2e722dd72a5eb3eb4c49b668ef,e2004b7a053c37ef,71f564d1eae56b79,resize-747c77c596-rrnc7,large400ImageResize,1684949300953092123,1684949300969125430,16033
b41846147ae777f03dba17b447fce715,8d3591704e949cf9,root,resize-747c77c596-rrnc7,resizeImage,1684949304876781860,1684949304921442321,44660
b41846147ae777f03dba17b447fce715,ea15ce2174f06ac0,8d3591704e949cf9,resize-747c77c596-rrnc7,large400ImageResize,1684949304903604031,1684949304921411713,17807
7d1b9611a5de2c658cc8cc81549bfc07,a289a585f16d309f,root,resize-747c77c596-rrnc7,resizeImage,1684949307012538714,1684949307052476773,39938
7d1b9611a5de2c658cc8cc81549bfc07,fd80e1b408180b4b,a289a585f16d309f,resize-747c77c596-rrnc7,large400ImageResize,1684949307035806811,1684949307052448940,16642
df6b39f80b74498a6b4b78620a3d63a1,c552b417d66d0424,root,resize-747c77c596-rrnc7,resizeImage,1684949308681897320,1684949308701037281,19139
85f8ed46c876134e459c94076e6b194e,ffaf3a956ee88bc7,root,resize-747c77c596-rrnc7,resizeImage,1684949305504364597,1684949305540071895,35707
85f8ed46c876134e459c94076e6b194e,fff0beb9aa0d2bb1,ffaf3a956ee88bc7,resize-747c77c596-rrnc7,large400ImageResize,1684949305525549816,1684949305540045886,14496
cdb0dfb4079e2cfd5dada691bbeeb627,ec6b5849ceea64d3,root,resize-747c77c596-rrnc7,resizeImage,1684949305019627758,1684949305054744927,35117
cdb0dfb4079e2cfd5dada691bbeeb627,f9f46912ba4a8a38,ec6b5849ceea64d3,resize-747c77c596-rrnc7,large400ImageResize,1684949305040762531,1684949305054719905,13957
eb72c1b29d2ef038ada3454df9f2d73c,41dce8a8a05b66e0,root,resize-747c77c596-rrnc7,resizeImage,1684949319780549180,1684949319802140512,21591
4f69509cb1be40b116c04d53d4d55ab8,fedd3307b21499a9,root,resize-747c77c596-rrnc7,resizeImage,1684949320239596196,1684949320276850491,37254
4f69509cb1be40b116c04d53d4d55ab8,91fe47b20024ce6e,fedd3307b21499a9,resize-747c77c596-rrnc7,large400ImageResize,1684949320261064071,1684949320276824685,15760
40b1083ca833789f35a5c2a6529c018e,6cdd120204422546,root,resize-747c77c596-rrnc7,resizeImage,1684949309067024824,1684949309104244273,37219
40b1083ca833789f35a5c2a6529c018e,e195869a7d92522e,6cdd120204422546,resize-747c77c596-rrnc7,large400ImageResize,1684949309089653258,1684949309104219122,14565
f42930bc2363266b4f4c60ceb7fcbbd4,cedf92c2face375a,root,resize-747c77c596-rrnc7,resizeImage,1684949307402419579,1684949307423175508,20755
465c7804d1e8449ad59e5c3ada2b8b09,b3f8d6a78ca36575,root,resize-747c77c596-rrnc7,resizeImage,1684949308230825096,1684949308271543906,40718
465c7804d1e8449ad59e5c3ada2b8b09,c5286ce443d9503e,b3f8d6a78ca36575,resize-747c77c596-rrnc7,large400ImageResize,1684949308255892165,1684949308271512393,15620
fe144c03f056e0738645265b046cf7be,ebddcf64b0b67be5,root,resize-747c77c596-rrnc7,resizeImage,1684949301972769162,1684949302004535248,31766
fe144c03f056e0738645265b046cf7be,68363861b9713a90,ebddcf64b0b67be5,resize-747c77c596-rrnc7,large400ImageResize,1684949301991108769,1684949302004511239,13402
b39c200c6f5ac37a2c4cce2437f3b904,76595904be3f7193,root,resize-747c77c596-rrnc7,resizeImage,1684949302182119932,1684949302216032366,33912
b39c200c6f5ac37a2c4cce2437f3b904,32bc446fb715dde7,76595904be3f7193,resize-747c77c596-rrnc7,large400ImageResize,1684949302202019494,1684949302216008130,13988
7e8bf242a8c5dfe331ae3872b1bcf7a4,536f5cfb4c167982,root,resize-747c77c596-rrnc7,resizeImage,1684949308303831637,1684949308329926626,26094
4362422d2a1cee915906fc71966d9576,e51f269400cdfa47,root,resize-747c77c596-rrnc7,resizeImage,1684949303493686284,1684949303515961998,22275
3cd51902b8cc2087d10d857fb537a5ea,67d0fa354fca6efb,root,resize-747c77c596-rrnc7,resizeImage,1684949301233591610,1684949301269136606,35544
3cd51902b8cc2087d10d857fb537a5ea,abac642357c9d7d2,67d0fa354fca6efb,resize-747c77c596-rrnc7,large400ImageResize,1684949301254953292,1684949301269108003,14154
27049d0255134a597f117ba109c3ba62,188994f90aaff877,root,resize-747c77c596-rrnc7,resizeImage,1684949319609623620,1684949319648346083,38722
27049d0255134a597f117ba109c3ba62,ac3c326a63201417,188994f90aaff877,resize-747c77c596-rrnc7,large400ImageResize,1684949319632893146,1684949319648318417,15425
e6d590d2bf280cb66dc8a562b69c539a,3afbbfe0c67ee853,root,resize-747c77c596-rrnc7,resizeImage,1684949312393692317,1684949312434456847,40764
e6d590d2bf280cb66dc8a562b69c539a,2f895c987b0f40b4,3afbbfe0c67ee853,resize-747c77c596-rrnc7,large400ImageResize,1684949312417840715,1684949312434419318,16578
21e0d71df0e15a6075352d701e6d6351,de394b5fe6214f3d,root,resize-747c77c596-rrnc7,resizeImage,1684949312220674003,1684949312257143931,36469
21e0d71df0e15a6075352d701e6d6351,09399d77e9f179e8,de394b5fe6214f3d,resize-747c77c596-rrnc7,large400ImageResize,1684949312242556347,1684949312257106288,14549
03f14f278a858e755868b63b0f6962ad,50e357ff24a5dbd9,root,resize-747c77c596-rrnc7,resizeImage,1684949316047826600,1684949316085242377,37415
03f14f278a858e755868b63b0f6962ad,6d6c3ac44bd2ac06,50e357ff24a5dbd9,resize-747c77c596-rrnc7,large400ImageResize,1684949316070096839,1684949316085213593,15116
779611b0fa4b81528ceb358c70e4a985,51907d5c79f6cbfd,root,resize-747c77c596-rrnc7,resizeImage,1684949330637505138,1684949330663220466,25715
6799b84068404c282cc3285045bb23a6,74515016097d7726,root,resize-747c77c596-rrnc7,resizeImage,1684949311725444180,1684949311766515068,41070
6799b84068404c282cc3285045bb23a6,2d88b3bf6b2bd622,74515016097d7726,resize-747c77c596-rrnc7,large400ImageResize,1684949311749227814,1684949311766484300,17256
f2dd519db734eea48b6f52101e556e69,92c14d67a967bf6c,root,resize-747c77c596-rrnc7,resizeImage,1684949312338270504,1684949312375833265,37562
f2dd519db734eea48b6f52101e556e69,dfe1c0bf3972cee1,92c14d67a967bf6c,resize-747c77c596-rrnc7,large400ImageResize,1684949312360991451,1684949312375802778,14811
d1a257fc9ecda02ac3f64ed2fbc4c4ca,ea210cc8fdc16bd0,root,resize-747c77c596-rrnc7,resizeImage,1684949317485250115,1684949317522903280,37653
d1a257fc9ecda02ac3f64ed2fbc4c4ca,cdccc9ee390c5d74,ea210cc8fdc16bd0,resize-747c77c596-rrnc7,large400ImageResize,1684949317507458005,1684949317522877308,15419
f222ab0f04d66a0e0d514c6fc734adc7,fbed72086e9f9f57,root,resize-747c77c596-rrnc7,resizeImage,1684949314009640321,1684949314048991107,39350
f222ab0f04d66a0e0d514c6fc734adc7,31106c68481cd0bb,fbed72086e9f9f57,resize-747c77c596-rrnc7,large400ImageResize,1684949314032578806,1684949314048965822,16387
970cd6d89ec55138a95c1851fad5014a,e5d542a63312d9ee,root,resize-747c77c596-rrnc7,resizeImage,1684949313844248438,1684949313885264358,41015
970cd6d89ec55138a95c1851fad5014a,bee6d8d82349fcc3,e5d542a63312d9ee,resize-747c77c596-rrnc7,large400ImageResize,1684949313868460044,1684949313885240374,16780
7276af897d25f1f872415cbaf04c0c13,37426140233e60fc,root,resize-747c77c596-rrnc7,resizeImage,1684949317891758010,1684949317928322252,36564
7276af897d25f1f872415cbaf04c0c13,a34dc01c493b55c1,37426140233e60fc,resize-747c77c596-rrnc7,large400ImageResize,1684949317913771738,1684949317928296176,14524
75528ac83747e2d658201e3ab80b95da,1c940c20bf40bc7b,root,resize-747c77c596-rrnc7,resizeImage,1684949330469496967,1684949330493418094,23921
43704e6420f9a7929a4462ccf68cf4d6,59f9f646050690dc,root,resize-747c77c596-rrnc7,resizeImage,1684949318396273375,1684949318431816597,35543
43704e6420f9a7929a4462ccf68cf4d6,88cf4368f027e06c,59f9f646050690dc,resize-747c77c596-rrnc7,large400ImageResize,1684949318417473894,1684949318431788325,14314
f801a22a1ac797a519f7bd5531a44685,5c388e3e94c17a90,root,resize-747c77c596-rrnc7,resizeImage,1684949317072813287,1684949317093585857,20772
0af9f70e68697df9e8fcd20b5269fa24,701742205829c3df,root,resize-747c77c596-rrnc7,resizeImage,1684949312477897930,1684949312516645120,38747
0af9f70e68697df9e8fcd20b5269fa24,c99805a3aad9d33c,701742205829c3df,resize-747c77c596-rrnc7,large400ImageResize,1684949312500704520,1684949312516614088,15909
1733c7fd7bf3d750d56273ae939ca294,a7c07d959a873a95,root,resize-747c77c596-rrnc7,resizeImage,1684949315476847377,1684949315513185099,36337
1733c7fd7bf3d750d56273ae939ca294,d1f4269c43bc3b63,a7c07d959a873a95,resize-747c77c596-rrnc7,large400ImageResize,1684949315499267405,1684949315513153510,13886
5a200eddfc51d1ed631faa679c8d8eef,35f7c71155c411e4,root,resize-747c77c596-rrnc7,resizeImage,1684949315516159177,1684949315551708033,35548
5a200eddfc51d1ed631faa679c8d8eef,82108cb943c2798a,35f7c71155c411e4,resize-747c77c596-rrnc7,large400ImageResize,1684949315537349211,1684949315551672950,14323
84c50f3a0a1143ce67dba3f10393edf4,aee1f8d388709b50,root,resize-747c77c596-rrnc7,resizeImage,1684949319050697297,1684949319095562421,44865
84c50f3a0a1143ce67dba3f10393edf4,603e2690d790d80a,aee1f8d388709b50,resize-747c77c596-rrnc7,large400ImageResize,1684949319077884182,1684949319095519526,17635
4c7fdd3a9d2c4384d2ca03704c521205,f5b9bae52f831e8a,root,resize-747c77c596-rrnc7,resizeImage,1684949313637151048,1684949313657942126,20791
fb950d38f63fdc28bc355b637e47387a,1ff36cb28dee21fd,root,resize-747c77c596-rrnc7,resizeImage,1684949316806244378,1684949316848073622,41829
fb950d38f63fdc28bc355b637e47387a,1056c49bfaff91ff,1ff36cb28dee21fd,resize-747c77c596-rrnc7,large400ImageResize,1684949316831159486,1684949316848044509,16885
ff206c7b0caec6fc297dc4faa3a1cda3,9acb8564327d5c48,root,resize-747c77c596-rrnc7,resizeImage,1684949315870448016,1684949315909839218,39391
ff206c7b0caec6fc297dc4faa3a1cda3,1c40d0e9164ca648,9acb8564327d5c48,resize-747c77c596-rrnc7,large400ImageResize,1684949315893464094,1684949315909798788,16334
1b0c97262804c4b5af6fb5d021fcf000,44e2a57782494447,root,resize-747c77c596-rrnc7,resizeImage,1684949324486410540,1684949324520190735,33780
1b0c97262804c4b5af6fb5d021fcf000,7df2c94ccc1c74de,44e2a57782494447,resize-747c77c596-rrnc7,large400ImageResize,1684949324506564709,1684949324520161066,13596
9e80238d0544f298dd219b2da10e0ddb,fdde740dbd1d4d03,root,resize-747c77c596-rrnc7,resizeImage,1684949321083087683,1684949321134442065,51354
9e80238d0544f298dd219b2da10e0ddb,1188f4fc77716968,fdde740dbd1d4d03,resize-747c77c596-rrnc7,large400ImageResize,1684949321117416398,1684949321134410400,16994
96cb898b2db06261a54c8dae51e048b8,2afbed1bbaa5e241,root,resize-747c77c596-rrnc7,resizeImage,1684949328629434232,1684949328663810807,34376
96cb898b2db06261a54c8dae51e048b8,a913e60dfbc34147,2afbed1bbaa5e241,resize-747c77c596-rrnc7,large400ImageResize,1684949328650001015,1684949328663782959,13781
efecc3d886af1cb0b97ef3bded10a70d,f79577e467294d89,root,resize-747c77c596-rrnc7,resizeImage,1684949322084853960,1684949322127436194,42582
efecc3d886af1cb0b97ef3bded10a70d,419a771d8ef309c4,f79577e467294d89,resize-747c77c596-rrnc7,large400ImageResize,1684949322111495450,1684949322127396003,15900
8837a31a2adc57cb5356c1c80905254c,a256f476917b1a6f,root,resize-747c77c596-rrnc7,resizeImage,1684949323093344756,1684949323115058407,21713
626023e807f14bb062c87bd023d48895,c8aa595e1977264a,root,resize-747c77c596-rrnc7,resizeImage,1684949324199681066,1684949324234609593,34928
626023e807f14bb062c87bd023d48895,f628915e1424106a,c8aa595e1977264a,resize-747c77c596-rrnc7,large400ImageResize,1684949324220926411,1684949324234573937,13647
b67c93182d22a595f21fd49066c5a38a,294b40e3b5e29de9,root,resize-747c77c596-rrnc7,resizeImage,1684949323129471949,1684949323166253283,36781
b67c93182d22a595f21fd49066c5a38a,b6a8d3c6f3b31e51,294b40e3b5e29de9,resize-747c77c596-rrnc7,large400ImageResize,1684949323151643479,1684949323166221005,14577
c8e65c695121699275bc93ef53f5c714,9bf097d69d53e6df,root,resize-747c77c596-rrnc7,resizeImage,1684949329016682816,1684949329052545662,35862
c8e65c695121699275bc93ef53f5c714,5f272c2f6bde444a,9bf097d69d53e6df,resize-747c77c596-rrnc7,large400ImageResize,1684949329038325876,1684949329052516810,14190
4b69a4e3d1d261dc20383ee763e1bea6,3c13b2a7a7c4a7e0,root,resize-747c77c596-rrnc7,resizeImage,1684949329448403373,1684949329486500441,38097
4b69a4e3d1d261dc20383ee763e1bea6,968ae07330420562,3c13b2a7a7c4a7e0,resize-747c77c596-rrnc7,large400ImageResize,1684949329470735101,1684949329486471058,15735
9b96a8ef7252045f72f4381cdad9bc26,91eb8be5062aa032,root,resize-747c77c596-rrnc7,resizeImage,1684949325875826032,1684949325919353760,43527
9b96a8ef7252045f72f4381cdad9bc26,384cbc6c629d03ec,91eb8be5062aa032,resize-747c77c596-rrnc7,large400ImageResize,1684949325901816161,1684949325919327021,17510
1e6f33ffedf15aeb78a4cb8029376168,6467298bdd33b824,root,resize-747c77c596-rrnc7,resizeImage,1684949326456972101,1684949326478870523,21898
700fc3fc9c45a0594d62bb3959ec430a,a62584ca4e3c230a,root,resize-747c77c596-rrnc7,resizeImage,1684949325153063010,1684949325196408247,43345
700fc3fc9c45a0594d62bb3959ec430a,bcd0c0d2110c6b4a,a62584ca4e3c230a,resize-747c77c596-rrnc7,large400ImageResize,1684949325177314898,1684949325196378805,19063
c8bcbd7a18ed2db2e3b7fdfeef5a6229,64925c00a3b6f970,root,resize-747c77c596-rrnc7,resizeImage,1684949323364809063,1684949323411194893,46385
c8bcbd7a18ed2db2e3b7fdfeef5a6229,4acf52b726b791fb,64925c00a3b6f970,resize-747c77c596-rrnc7,large400ImageResize,1684949323393337726,1684949323411164892,17827
b6329a9a109f070f0aa7698b80745ded,f60c12fef608e392,root,resize-747c77c596-rrnc7,resizeImage,1684949320882037666,1684949320923439237,41401
b6329a9a109f070f0aa7698b80745ded,ecfd5aa1749111d7,f60c12fef608e392,resize-747c77c596-rrnc7,large400ImageResize,1684949320906560992,1684949320923412155,16851
7383d6bfad9d45f1cf0bd2afd7aef6de,aa9f6b5e05aad4d4,root,resize-747c77c596-rrnc7,resizeImage,1684949330115749472,1684949330154846197,39096
7383d6bfad9d45f1cf0bd2afd7aef6de,e174943d75f4ec30,aa9f6b5e05aad4d4,resize-747c77c596-rrnc7,large400ImageResize,1684949330139634298,1684949330154814429,15180
0d091eb6f9e4cb91b334f5c8b222710d,5d5d87905891340f,root,resize-747c77c596-rrnc7,resizeImage,1684949325609489201,1684949325646828643,37339
0d091eb6f9e4cb91b334f5c8b222710d,4dbc0c075c5df661,5d5d87905891340f,resize-747c77c596-rrnc7,large400ImageResize,1684949325631685244,1684949325646801250,15116
4df394a4dbd3d3cabd2bb93000684f91,a7728890362057f8,root,resize-747c77c596-rrnc7,resizeImage,1684949329629281506,1684949329672908289,43626
4df394a4dbd3d3cabd2bb93000684f91,9dff011910c76a4f,a7728890362057f8,resize-747c77c596-rrnc7,large400ImageResize,1684949329655747570,1684949329672863800,17116
cf98faca20443ae939796d9cf8b7885e,e48a2e96d9b6aed8,root,resize-747c77c596-rrnc7,resizeImage,1684949327796944611,1684949327835242414,38297
cf98faca20443ae939796d9cf8b7885e,57a94afe9c5e4f53,e48a2e96d9b6aed8,resize-747c77c596-rrnc7,large400ImageResize,1684949327820414687,1684949327835216136,14801
267d1dbdb5de60e6e72ef34b17c2f5fb,e1a7b06ffce14f36,root,resize-747c77c596-rrnc7,resizeImage,1684949322631107732,1684949322671586828,40479
267d1dbdb5de60e6e72ef34b17c2f5fb,e03952baf09d47d8,e1a7b06ffce14f36,resize-747c77c596-rrnc7,large400ImageResize,1684949322655296258,1684949322671558012,16261
9fe8f9c3a0234d544607d2010a0343d7,a746cfee922eb231,root,resize-747c77c596-rrnc7,resizeImage,1684949327460091732,1684949327502761356,42669
9fe8f9c3a0234d544607d2010a0343d7,02a1259e7149e50d,a746cfee922eb231,resize-747c77c596-rrnc7,large400ImageResize,1684949327485954585,1684949327502722038,16767
632724c5e39543142d2bfca062de5bf6,835f86701f6f3652,root,resize-747c77c596-rrnc7,resizeImage,1684949340425283349,1684949340459574486,34291
632724c5e39543142d2bfca062de5bf6,b56b3f11e690b188,835f86701f6f3652,resize-747c77c596-rrnc7,large400ImageResize,1684949340445682559,1684949340459537287,13854
f414d28cf7fe548aec7feffbcf6131cb,47ac6f3b3b8b6bd3,root,resize-747c77c596-rrnc7,resizeImage,1684949336984405467,1684949337023611487,39206
f414d28cf7fe548aec7feffbcf6131cb,05bfbc65b6b3899f,47ac6f3b3b8b6bd3,resize-747c77c596-rrnc7,large400ImageResize,1684949337007530748,1684949337023573766,16043
c857628464bba4a67028c23d46d3660b,0acbdb8dad3c7bf8,root,resize-747c77c596-rrnc7,resizeImage,1684949335506169297,1684949335543375480,37206
c857628464bba4a67028c23d46d3660b,5f7abefd42a8e31e,0acbdb8dad3c7bf8,resize-747c77c596-rrnc7,large400ImageResize,1684949335528724687,1684949335543342390,14617
3f1d493bb065b0c6f71ee5a77cd0647b,b21906d5f1675a63,root,resize-747c77c596-rrnc7,resizeImage,1684949333305147504,1684949333340633726,35486
3f1d493bb065b0c6f71ee5a77cd0647b,afc8d7997dc924eb,b21906d5f1675a63,resize-747c77c596-rrnc7,large400ImageResize,1684949333324804815,1684949333340599236,15794
04e267af38b155fce990654bfecc7505,f06c06f03c441730,root,resize-747c77c596-rrnc7,resizeImage,1684949335497602683,1684949335519174935,21572
8aad4f356dee215d902c17e2ce2855b1,f13c2870f71905e4,root,resize-747c77c596-rrnc7,resizeImage,1684949336360932794,1684949336386480621,25547
94b43796ab5899f9918f8b577cfd9bc8,2561819b39d21a0e,root,resize-747c77c596-rrnc7,resizeImage,1684949337542931944,1684949337579660186,36728
94b43796ab5899f9918f8b577cfd9bc8,0639b8f8da177c01,2561819b39d21a0e,resize-747c77c596-rrnc7,large400ImageResize,1684949337565122134,1684949337579629271,14507
0566053b905095e245962f39377a1f32,6a4d03e081b6a844,root,resize-747c77c596-rrnc7,resizeImage,1684949338464144741,1684949338512274676,48129
0566053b905095e245962f39377a1f32,6227314a39bb4315,6a4d03e081b6a844,resize-747c77c596-rrnc7,large400ImageResize,1684949338493647302,1684949338512242737,18595
1aacf23fddc31caca6a68ccfd582bc59,1b93e0c454c7fad7,root,resize-747c77c596-rrnc7,resizeImage,1684949340356125534,1684949340401253681,45128
1aacf23fddc31caca6a68ccfd582bc59,7d8f78009295a96c,1b93e0c454c7fad7,resize-747c77c596-rrnc7,large400ImageResize,1684949340383332428,1684949340401226308,17893
6f7703ad655831fe9fe07d9573e10a08,6b8b4067dec278bf,root,resize-747c77c596-rrnc7,resizeImage,1684949336941263392,1684949336994073060,52809
6f7703ad655831fe9fe07d9573e10a08,cf77d40a4b730aa3,6b8b4067dec278bf,resize-747c77c596-rrnc7,large400ImageResize,1684949336979144436,1684949336994042233,14897
bc05388f8df7d0edb1c3c4a21abb514d,e69a722e45e8e3fa,root,resize-747c77c596-rrnc7,resizeImage,1684949338550409861,1684949338571496157,21086
7abcf1c89fa2315f1462f9e759b5292a,e5a86d5f17dd5fd4,root,resize-747c77c596-rrnc7,resizeImage,1684949338814927453,1684949338849007215,34079
7abcf1c89fa2315f1462f9e759b5292a,1b5c595c16c84f6c,e5a86d5f17dd5fd4,resize-747c77c596-rrnc7,large400ImageResize,1684949338835806616,1684949338848967458,13160
27db18f953532dd756b7f2bcd4977596,c1bb44780adb55b6,root,resize-747c77c596-rrnc7,resizeImage,1684949333253905533,1684949333284671094,30765
e9ad68ceae12745b01ab4cc97f6a69ca,630448eae3cb1693,root,resize-747c77c596-rrnc7,resizeImage,1684949336381589771,1684949336436187930,54598
e9ad68ceae12745b01ab4cc97f6a69ca,dde92aaa7a68cb5c,630448eae3cb1693,resize-747c77c596-rrnc7,large400ImageResize,1684949336413336449,1684949336436140735,22804
93dda50a9c7fd5b783c1e2de9e89ced6,8e309f4e11b6282b,root,resize-747c77c596-rrnc7,resizeImage,1684949338577435089,1684949338614233769,36798
93dda50a9c7fd5b783c1e2de9e89ced6,2ea52fb97520b56a,8e309f4e11b6282b,resize-747c77c596-rrnc7,large400ImageResize,1684949338599797842,1684949338614199743,14401
a1367664b8f697fede30da84e01a4a83,3dc65a9948ba806b,root,resize-747c77c596-rrnc7,resizeImage,1684949334006006198,1684949334041402642,35396
a1367664b8f697fede30da84e01a4a83,b8d63bef73b3d709,3dc65a9948ba806b,resize-747c77c596-rrnc7,large400ImageResize,1684949334026893824,1684949334041377145,14483
49a290a4640ba18ff24a3dfbab0864f0,96ad7059f9be9047,root,resize-747c77c596-rrnc7,resizeImage,1684949340181153781,1684949340224821025,43667
49a290a4640ba18ff24a3dfbab0864f0,27468e4fecb5f061,96ad7059f9be9047,resize-747c77c596-rrnc7,large400ImageResize,1684949340206951878,1684949340224786849,17834
fa36f99bf8aa922f308c2cae80a12798,20e7e2e1238e917c,root,resize-747c77c596-rrnc7,resizeImage,1684949332167253061,1684949332207155079,39902
fa36f99bf8aa922f308c2cae80a12798,6baf1c3dff276205,20e7e2e1238e917c,resize-747c77c596-rrnc7,large400ImageResize,1684949332190808955,1684949332207129282,16320
f3897815776660d6896c4057e78e4167,e70917124b4fe80e,root,resize-747c77c596-rrnc7,resizeImage,1684949334093028549,1684949334114532668,21504
d63b89179660945fe62ff1b62b92dab8,68c9143eb72e65b5,root,resize-747c77c596-rrnc7,resizeImage,1684949333628987250,1684949333665297850,36310
d63b89179660945fe62ff1b62b92dab8,fa4c8b66b7ff78aa,68c9143eb72e65b5,resize-747c77c596-rrnc7,large400ImageResize,1684949333650216715,1684949333665267864,15051
23cc382ff77e19b1968efef995cf8e18,cff07083c6c0e75b,root,resize-747c77c596-rrnc7,resizeImage,1684949331695436149,1684949331731246927,35810
23cc382ff77e19b1968efef995cf8e18,09137856587914d2,cff07083c6c0e75b,resize-747c77c596-rrnc7,large400ImageResize,1684949331717220764,1684949331731212246,13991
11008e2c328c515e574449f49a58dd47,18a56b0459269dae,root,resize-747c77c596-rrnc7,resizeImage,1684949332021679638,1684949332057994916,36315
11008e2c328c515e574449f49a58dd47,aa741451fdaa0dca,18a56b0459269dae,resize-747c77c596-rrnc7,large400ImageResize,1684949332043011909,1684949332057970575,14958
00fa717d7ca41e0f93a14e28167a9957,b76e9e1a088c8c18,root,resize-747c77c596-rrnc7,resizeImage,1684949331545206072,1684949331580248968,35042
00fa717d7ca41e0f93a14e28167a9957,5f2c7a539a879482,b76e9e1a088c8c18,resize-747c77c596-rrnc7,large400ImageResize,1684949331566220786,1684949331580222708,14001
